,event_id,id,name,profilePicture,url,category
0,1562545677205771,1423381621300400,The Umbrella Bar,https://scontent-lga3-1.xx.fbcdn.net/v/t1.0-1/p100x100/22819_1423384574633438_2694925784701347812_n.jpg?_nc_cat=0&oh=203526dfde983c36a083e8789af9c2e2&oe=5BC4B51B,https://www.facebook.com/umbrellabarattherock/,Sports Bar
1,1562545677205771,491296747606623,Alter Ego Milwaukee,https://scontent-lga3-1.xx.fbcdn.net/v/t1.0-1/p100x100/30715244_1670927729643513_4500972726588014592_n.jpg?_nc_cat=0&oh=a386af5e9101c69ebcaed5e0e353bf29&oe=5BBCA5B8,https://www.facebook.com/alteregofan/,Musician/Band
2,1562545677205771,181465235320018,The Rock Sports Complex,https://scontent-lga3-1.xx.fbcdn.net/v/t1.0-1/p100x100/1000238_391677720965434_1575746712_n.jpg?_nc_cat=0&oh=315ca78b3c865c93c2718c44cc5d1679&oe=5BBB6026,https://www.facebook.com/RockComplex/,"Stadium, arena and sports venue"
3,174987263203934,1423381621300400,The Umbrella Bar,https://scontent-lga3-1.xx.fbcdn.net/v/t1.0-1/p100x100/22819_1423384574633438_2694925784701347812_n.jpg?_nc_cat=0&oh=203526dfde983c36a083e8789af9c2e2&oe=5BC4B51B,https://www.facebook.com/umbrellabarattherock/,Sports Bar
4,174987263203934,181465235320018,The Rock Sports Complex,https://scontent-lga3-1.xx.fbcdn.net/v/t1.0-1/p100x100/1000238_391677720965434_1575746712_n.jpg?_nc_cat=0&oh=315ca78b3c865c93c2718c44cc5d1679&oe=5BBB6026,https://www.facebook.com/RockComplex/,"Stadium, arena and sports venue"
5,174987263203934,56604322845,Oil Can Harry,https://scontent-lga3-1.xx.fbcdn.net/v/t1.0-1/p100x100/20841921_10156598381312846_1897640186321428124_n.jpg?_nc_cat=0&oh=e158fa8375874b7117b0522b3b967f60&oe=5BA714E6,https://www.facebook.com/oilcanrocks/,Musician/Band
6,2028335574087809,1423381621300400,The Umbrella Bar,https://scontent-lga3-1.xx.fbcdn.net/v/t1.0-1/p100x100/22819_1423384574633438_2694925784701347812_n.jpg?_nc_cat=0&oh=203526dfde983c36a083e8789af9c2e2&oe=5BC4B51B,https://www.facebook.com/umbrellabarattherock/,Sports Bar
7,2028335574087809,181465235320018,The Rock Sports Complex,https://scontent-lga3-1.xx.fbcdn.net/v/t1.0-1/p100x100/1000238_391677720965434_1575746712_n.jpg?_nc_cat=0&oh=315ca78b3c865c93c2718c44cc5d1679&oe=5BBB6026,https://www.facebook.com/RockComplex/,"Stadium, arena and sports venue"
8,2157523204479155,1423381621300400,The Umbrella Bar,https://scontent-lga3-1.xx.fbcdn.net/v/t1.0-1/p100x100/22819_1423384574633438_2694925784701347812_n.jpg?_nc_cat=0&oh=203526dfde983c36a083e8789af9c2e2&oe=5BC4B51B,https://www.facebook.com/umbrellabarattherock/,Sports Bar
9,2157523204479155,882950921743731,Southbound Milwaukee Wi,https://scontent-lga3-1.xx.fbcdn.net/v/t1.0-1/p100x100/30414617_1765488886823259_5449717211134427136_n.jpg?_nc_cat=0&oh=5fc41666f58ffcda19a8254be398aaf0&oe=5BB2F76D,https://www.facebook.com/southbound.wi/,Musician/Band
10,2157523204479155,181465235320018,The Rock Sports Complex,https://scontent-lga3-1.xx.fbcdn.net/v/t1.0-1/p100x100/1000238_391677720965434_1575746712_n.jpg?_nc_cat=0&oh=315ca78b3c865c93c2718c44cc5d1679&oe=5BBB6026,https://www.facebook.com/RockComplex/,"Stadium, arena and sports venue"
11,175240163182996,1423381621300400,The Umbrella Bar,https://scontent-lga3-1.xx.fbcdn.net/v/t1.0-1/p100x100/22819_1423384574633438_2694925784701347812_n.jpg?_nc_cat=0&oh=203526dfde983c36a083e8789af9c2e2&oe=5BC4B51B,https://www.facebook.com/umbrellabarattherock/,Sports Bar
12,175240163182996,1086336438085249,Totally Neon,https://scontent-lga3-1.xx.fbcdn.net/v/t1.0-1/p100x100/34386183_1951716404880577_4937251132238987264_n.jpg?_nc_cat=0&oh=104ac889083cae77d1351a48ee774736&oe=5BA60FBB,https://www.facebook.com/totallyneon/,Musician/Band
13,175240163182996,181465235320018,The Rock Sports Complex,https://scontent-lga3-1.xx.fbcdn.net/v/t1.0-1/p100x100/1000238_391677720965434_1575746712_n.jpg?_nc_cat=0&oh=315ca78b3c865c93c2718c44cc5d1679&oe=5BBB6026,https://www.facebook.com/RockComplex/,"Stadium, arena and sports venue"
14,124777488396740,1423381621300400,The Umbrella Bar,https://scontent-lga3-1.xx.fbcdn.net/v/t1.0-1/p100x100/22819_1423384574633438_2694925784701347812_n.jpg?_nc_cat=0&oh=203526dfde983c36a083e8789af9c2e2&oe=5BC4B51B,https://www.facebook.com/umbrellabarattherock/,Sports Bar
15,124777488396740,548941545226034,King Solomon Reggae Band,https://scontent-lga3-1.xx.fbcdn.net/v/t1.0-1/c10.0.100.100/p100x100/1535650_548942821892573_3564559769429446899_n.jpg?_nc_cat=0&oh=6cd05a68533421e85a9440f152505881&oe=5BB10B7A,https://www.facebook.com/Kingsolomonreggae/,Musician/Band
16,124777488396740,181465235320018,The Rock Sports Complex,https://scontent-lga3-1.xx.fbcdn.net/v/t1.0-1/p100x100/1000238_391677720965434_1575746712_n.jpg?_nc_cat=0&oh=315ca78b3c865c93c2718c44cc5d1679&oe=5BBB6026,https://www.facebook.com/RockComplex/,"Stadium, arena and sports venue"
17,197703467712391,1423381621300400,The Umbrella Bar,https://scontent-lga3-1.xx.fbcdn.net/v/t1.0-1/p100x100/22819_1423384574633438_2694925784701347812_n.jpg?_nc_cat=0&oh=203526dfde983c36a083e8789af9c2e2&oe=5BC4B51B,https://www.facebook.com/umbrellabarattherock/,Sports Bar
18,197703467712391,181465235320018,The Rock Sports Complex,https://scontent-lga3-1.xx.fbcdn.net/v/t1.0-1/p100x100/1000238_391677720965434_1575746712_n.jpg?_nc_cat=0&oh=315ca78b3c865c93c2718c44cc5d1679&oe=5BBB6026,https://www.facebook.com/RockComplex/,"Stadium, arena and sports venue"
19,990633331088470,1423381621300400,The Umbrella Bar,https://scontent-lga3-1.xx.fbcdn.net/v/t1.0-1/p100x100/22819_1423384574633438_2694925784701347812_n.jpg?_nc_cat=0&oh=203526dfde983c36a083e8789af9c2e2&oe=5BC4B51B,https://www.facebook.com/umbrellabarattherock/,Sports Bar
20,990633331088470,188510611181633,WAC Greenfield,https://scontent-lga3-1.xx.fbcdn.net/v/t1.0-1/p100x100/10405373_782501078449247_130235293712219664_n.jpg?_nc_cat=0&oh=d5d316bf40ad9475c5b71aff895da797&oe=5BB257D0,https://www.facebook.com/thewacgreenfield/,Gym/Physical fitness centre
21,990633331088470,181465235320018,The Rock Sports Complex,https://scontent-lga3-1.xx.fbcdn.net/v/t1.0-1/p100x100/1000238_391677720965434_1575746712_n.jpg?_nc_cat=0&oh=315ca78b3c865c93c2718c44cc5d1679&oe=5BBB6026,https://www.facebook.com/RockComplex/,"Stadium, arena and sports venue"
22,990633331088470,150674768277048,WaterStone Bank,https://scontent-lga3-1.xx.fbcdn.net/v/t1.0-1/p100x100/26113963_1832196176791557_8013540699399682995_n.jpg?_nc_cat=0&oh=be52ff21407d76875f0c948b6cd50166&oe=5BA7499C,https://www.facebook.com/WaterStoneBank/,Product/Service
23,990633331088470,182335895608,Make-A-Wish Wisconsin,https://scontent-lga3-1.xx.fbcdn.net/v/t1.0-1/p100x100/26219709_10155782780755609_5804451722787727747_n.jpg?_nc_cat=0&oh=d18adb9fb5ef8b16c49c2a3e5dea3416&oe=5BA2BA32,https://www.facebook.com/wisconsinwish/,Charity organisation
24,990633331088470,79244255884,Wisconsin Athletic Club,https://scontent-lga3-1.xx.fbcdn.net/v/t1.0-1/p100x100/1441561_10151725680815885_584219260_n.jpg?_nc_cat=0&oh=8b635025efb4c2dadf284b34e381cbf0&oe=5BC0B9FD,https://www.facebook.com/thewac/,Sport & recreation
25,255373671869326,1423381621300400,The Umbrella Bar,https://scontent-lga3-1.xx.fbcdn.net/v/t1.0-1/p100x100/22819_1423384574633438_2694925784701347812_n.jpg?_nc_cat=0&oh=203526dfde983c36a083e8789af9c2e2&oe=5BC4B51B,https://www.facebook.com/umbrellabarattherock/,Sports Bar
26,255373671869326,181465235320018,The Rock Sports Complex,https://scontent-lga3-1.xx.fbcdn.net/v/t1.0-1/p100x100/1000238_391677720965434_1575746712_n.jpg?_nc_cat=0&oh=315ca78b3c865c93c2718c44cc5d1679&oe=5BBB6026,https://www.facebook.com/RockComplex/,"Stadium, arena and sports venue"
27,388096485007565,1423381621300400,The Umbrella Bar,https://scontent-lga3-1.xx.fbcdn.net/v/t1.0-1/p100x100/22819_1423384574633438_2694925784701347812_n.jpg?_nc_cat=0&oh=203526dfde983c36a083e8789af9c2e2&oe=5BC4B51B,https://www.facebook.com/umbrellabarattherock/,Sports Bar
28,388096485007565,181465235320018,The Rock Sports Complex,https://scontent-lga3-1.xx.fbcdn.net/v/t1.0-1/p100x100/1000238_391677720965434_1575746712_n.jpg?_nc_cat=0&oh=315ca78b3c865c93c2718c44cc5d1679&oe=5BBB6026,https://www.facebook.com/RockComplex/,"Stadium, arena and sports venue"
29,388096485007565,56604322845,Oil Can Harry,https://scontent-lga3-1.xx.fbcdn.net/v/t1.0-1/p100x100/20841921_10156598381312846_1897640186321428124_n.jpg?_nc_cat=0&oh=e158fa8375874b7117b0522b3b967f60&oe=5BA714E6,https://www.facebook.com/oilcanrocks/,Musician/Band
30,1925343270834003,1423381621300400,The Umbrella Bar,https://scontent-lga3-1.xx.fbcdn.net/v/t1.0-1/p100x100/22819_1423384574633438_2694925784701347812_n.jpg?_nc_cat=0&oh=203526dfde983c36a083e8789af9c2e2&oe=5BC4B51B,https://www.facebook.com/umbrellabarattherock/,Sports Bar
31,1925343270834003,181465235320018,The Rock Sports Complex,https://scontent-lga3-1.xx.fbcdn.net/v/t1.0-1/p100x100/1000238_391677720965434_1575746712_n.jpg?_nc_cat=0&oh=315ca78b3c865c93c2718c44cc5d1679&oe=5BBB6026,https://www.facebook.com/RockComplex/,"Stadium, arena and sports venue"
32,1925343270834003,100208582519,Failure to Launch,https://scontent-lga3-1.xx.fbcdn.net/v/t1.0-1/c42.9.112.112/s100x100/74308_466597952519_5365378_n.jpg?_nc_cat=0&oh=620be4a19dbafc6abcdcaaa03078ab05&oe=5BB50C1A,https://www.facebook.com/failuretolaunch/,Musician/Band
33,160281974822071,1483914975270823,Detour,https://scontent-lga3-1.xx.fbcdn.net/v/t1.0-1/p100x100/30414587_1986532818342367_2953883841091076096_n.jpg?_nc_cat=0&oh=80cc3bbdf1e22b9ba97db0899311a9eb&oe=5BB34F01,https://www.facebook.com/detourmilwaukee/,Band
34,160281974822071,1423381621300400,The Umbrella Bar,https://scontent-lga3-1.xx.fbcdn.net/v/t1.0-1/p100x100/22819_1423384574633438_2694925784701347812_n.jpg?_nc_cat=0&oh=203526dfde983c36a083e8789af9c2e2&oe=5BC4B51B,https://www.facebook.com/umbrellabarattherock/,Sports Bar
35,160281974822071,181465235320018,The Rock Sports Complex,https://scontent-lga3-1.xx.fbcdn.net/v/t1.0-1/p100x100/1000238_391677720965434_1575746712_n.jpg?_nc_cat=0&oh=315ca78b3c865c93c2718c44cc5d1679&oe=5BBB6026,https://www.facebook.com/RockComplex/,"Stadium, arena and sports venue"
36,202361733822156,1423381621300400,The Umbrella Bar,https://scontent-lga3-1.xx.fbcdn.net/v/t1.0-1/p100x100/22819_1423384574633438_2694925784701347812_n.jpg?_nc_cat=0&oh=203526dfde983c36a083e8789af9c2e2&oe=5BC4B51B,https://www.facebook.com/umbrellabarattherock/,Sports Bar
37,202361733822156,181465235320018,The Rock Sports Complex,https://scontent-lga3-1.xx.fbcdn.net/v/t1.0-1/p100x100/1000238_391677720965434_1575746712_n.jpg?_nc_cat=0&oh=315ca78b3c865c93c2718c44cc5d1679&oe=5BBB6026,https://www.facebook.com/RockComplex/,"Stadium, arena and sports venue"
38,202361733822156,193791432270,Katie Mack and The Moan,https://scontent-lga3-1.xx.fbcdn.net/v/t1.0-1/p100x100/20106797_10154462616962271_5595630633894009505_n.jpg?_nc_cat=0&oh=b499158286dcfb3d876de37ed735573d&oe=5BBF79AC,https://www.facebook.com/KatieMackandTheMoan/,Musician/Band
39,993160634205077,1423381621300400,The Umbrella Bar,https://scontent-lga3-1.xx.fbcdn.net/v/t1.0-1/p100x100/22819_1423384574633438_2694925784701347812_n.jpg?_nc_cat=0&oh=203526dfde983c36a083e8789af9c2e2&oe=5BC4B51B,https://www.facebook.com/umbrellabarattherock/,Sports Bar
40,993160634205077,181465235320018,The Rock Sports Complex,https://scontent-lga3-1.xx.fbcdn.net/v/t1.0-1/p100x100/1000238_391677720965434_1575746712_n.jpg?_nc_cat=0&oh=315ca78b3c865c93c2718c44cc5d1679&oe=5BBB6026,https://www.facebook.com/RockComplex/,"Stadium, arena and sports venue"
41,197000187603630,1423381621300400,The Umbrella Bar,https://scontent-lga3-1.xx.fbcdn.net/v/t1.0-1/p100x100/22819_1423384574633438_2694925784701347812_n.jpg?_nc_cat=0&oh=203526dfde983c36a083e8789af9c2e2&oe=5BC4B51B,https://www.facebook.com/umbrellabarattherock/,Sports Bar
42,197000187603630,181465235320018,The Rock Sports Complex,https://scontent-lga3-1.xx.fbcdn.net/v/t1.0-1/p100x100/1000238_391677720965434_1575746712_n.jpg?_nc_cat=0&oh=315ca78b3c865c93c2718c44cc5d1679&oe=5BBB6026,https://www.facebook.com/RockComplex/,"Stadium, arena and sports venue"
43,1700106953398653,1423381621300400,The Umbrella Bar,https://scontent-lga3-1.xx.fbcdn.net/v/t1.0-1/p100x100/22819_1423384574633438_2694925784701347812_n.jpg?_nc_cat=0&oh=203526dfde983c36a083e8789af9c2e2&oe=5BC4B51B,https://www.facebook.com/umbrellabarattherock/,Sports Bar
44,1700106953398653,181465235320018,The Rock Sports Complex,https://scontent-lga3-1.xx.fbcdn.net/v/t1.0-1/p100x100/1000238_391677720965434_1575746712_n.jpg?_nc_cat=0&oh=315ca78b3c865c93c2718c44cc5d1679&oe=5BBB6026,https://www.facebook.com/RockComplex/,"Stadium, arena and sports venue"
45,1700106953398653,36168963452,Chasin' Mason,https://scontent-lga3-1.xx.fbcdn.net/v/t1.0-1/p100x100/18527622_10155353153468453_310493120157367566_n.jpg?_nc_cat=0&oh=5c0e4c423131150f40dd451092abbd6a&oe=5BAF3B45,https://www.facebook.com/chasinmasonmusic/,Music
46,154222962101858,1423381621300400,The Umbrella Bar,https://scontent-lga3-1.xx.fbcdn.net/v/t1.0-1/p100x100/22819_1423384574633438_2694925784701347812_n.jpg?_nc_cat=0&oh=203526dfde983c36a083e8789af9c2e2&oe=5BC4B51B,https://www.facebook.com/umbrellabarattherock/,Sports Bar
47,154222962101858,181465235320018,The Rock Sports Complex,https://scontent-lga3-1.xx.fbcdn.net/v/t1.0-1/p100x100/1000238_391677720965434_1575746712_n.jpg?_nc_cat=0&oh=315ca78b3c865c93c2718c44cc5d1679&oe=5BBB6026,https://www.facebook.com/RockComplex/,"Stadium, arena and sports venue"
0,1082443091896612,1814985335396891,Szymczak Racers - Running against Limb Girdle Muscular Dystrophy,https://scontent-lga3-1.xx.fbcdn.net/v/t1.0-1/c4.0.100.100/p100x100/13438922_1814985495396875_6984284228850784892_n.jpg?_nc_cat=0&oh=fc2879488a3d5da96ad8be2dc3801a64&oe=5BAF543D,https://www.facebook.com/SzymczakRacers/,Charity
1,379160775926892,1483914975270823,Detour,https://scontent-lga3-1.xx.fbcdn.net/v/t1.0-1/p100x100/30414587_1986532818342367_2953883841091076096_n.jpg?_nc_cat=0&oh=80cc3bbdf1e22b9ba97db0899311a9eb&oe=5BB34F01,https://www.facebook.com/detourmilwaukee/,Band
2,379160775926892,643763302318412,Portofino Bay,https://scontent-lga3-1.xx.fbcdn.net/v/t1.0-1/c25.0.100.100/p100x100/1016058_643765025651573_758749165_n.jpg?_nc_cat=0&oh=7e0bb36ecd35766785fad393f5c8e6aa&oe=5BA5BC3A,https://www.facebook.com/PortofinoBay/,Restaurant
3,1447292358680699,55242959462,Harley-Davidson Museum,https://scontent-lga3-1.xx.fbcdn.net/v/t1.0-1/p100x100/10686838_10152756145259463_2191738783279286753_n.jpg?_nc_cat=0&oh=ed606deaaed0edbab0037e6d00fe69af&oe=5BC3F04D,https://www.facebook.com/hdmuseum/,History Museum
4,1447292358680699,20060875764,Harley-Davidson,https://scontent-lga3-1.xx.fbcdn.net/v/t1.0-1/c10.0.100.100/p100x100/13450781_10153762629865765_6592153105733861246_n.jpg?_nc_cat=0&oh=bcb39bbd76b8f08680d992f78a562378&oe=5BB87ED3,https://www.facebook.com/harley-davidson/,Motorcycle manufacturer
5,522676421460492,36168963452,Chasin' Mason,https://scontent-lga3-1.xx.fbcdn.net/v/t1.0-1/p100x100/18527622_10155353153468453_310493120157367566_n.jpg?_nc_cat=0&oh=5c0e4c423131150f40dd451092abbd6a&oe=5BAF3B45,https://www.facebook.com/chasinmasonmusic/,Music
0,2076264882635064,177810067314,Monona Terrace Community and Convention Center,https://scontent-lga3-1.xx.fbcdn.net/v/t1.0-1/p100x100/562359_10150605128882315_1321103955_n.jpg?_nc_cat=0&oh=4a9425d20c4dc5b9d28e82883f338ad1&oe=5BAA7F7C,https://www.facebook.com/mtccc/,Convention centre
1,260520914522016,148767271842328,Westward Ho RV Resort & Campground,https://scontent-lga3-1.xx.fbcdn.net/v/t1.0-1/p100x100/12209_1038299122889134_6023504694326975330_n.jpg?_nc_cat=0&oh=585b0ce39dc4877d564067ad0f11d678&oe=5BB1F33B,https://www.facebook.com/WestwardHoRVResort/,RV Park
2,212245576236615,177810067314,Monona Terrace Community and Convention Center,https://scontent-lga3-1.xx.fbcdn.net/v/t1.0-1/p100x100/562359_10150605128882315_1321103955_n.jpg?_nc_cat=0&oh=4a9425d20c4dc5b9d28e82883f338ad1&oe=5BAA7F7C,https://www.facebook.com/mtccc/,Convention centre
3,609618759401291,220281534996376,The Indian Crossing Casino,https://scontent-lga3-1.xx.fbcdn.net/v/t1.0-1/p100x100/19059382_431114073913120_8529406015732884366_n.png?_nc_cat=0&oh=1bef6a5632520c8813d6f6160283e248&oe=5B763BC0,https://www.facebook.com/TheIndianCrossingCasinoWaupaca/,Performance & event venue
4,609618759401291,167559963256137,Erin Krebs Music,https://scontent-lga3-1.xx.fbcdn.net/v/t1.0-1/p100x100/33083013_1998409426837839_3775811762591367168_n.jpg?_nc_cat=0&oh=60d343f674a3357d4bbcec22a7971cff&oe=5BB4CBF9,https://www.facebook.com/erinkrebsmusic/,Musician/Band
5,345482799308781,264627419175,Wisconsin Timber Rattlers,https://scontent-lga3-1.xx.fbcdn.net/v/t1.0-1/p100x100/10407208_10153131924894176_4070714888833369375_n.jpg?_nc_cat=0&oh=74aa8a0ad1bf2efbd4ef029579b9fd11&oe=5BA0BB9A,https://www.facebook.com/WisconsinTimberRattlers/,"Stadium, arena and sports venue"
6,372299156589179,177810067314,Monona Terrace Community and Convention Center,https://scontent-lga3-1.xx.fbcdn.net/v/t1.0-1/p100x100/562359_10150605128882315_1321103955_n.jpg?_nc_cat=0&oh=4a9425d20c4dc5b9d28e82883f338ad1&oe=5BAA7F7C,https://www.facebook.com/mtccc/,Convention centre
7,372299156589179,63961298119,SUPERTUESDAY,https://scontent-lga3-1.xx.fbcdn.net/v/t1.0-1/p100x100/26219803_10156232494498120_8700517523782013866_n.jpg?_nc_cat=0&oh=11ad5cc84a96055cadd8c83d5d5ed5a4&oe=5BA3B697,https://www.facebook.com/supertuesdayband/,Arts & entertainment
8,278272442715411,158004979825,Rivermoor Golf Club,https://scontent-lga3-1.xx.fbcdn.net/v/t1.0-1/p100x100/10173679_10152312776444826_586798101_n.jpg?_nc_cat=0&oh=9003970501db3f6a16851773a2c3d6e8&oe=5BAA0509,https://www.facebook.com/Rivermoor-Golf-Club-158004979825/,Golf course and country club
9,178238106238519,264627419175,Wisconsin Timber Rattlers,https://scontent-lga3-1.xx.fbcdn.net/v/t1.0-1/p100x100/10407208_10153131924894176_4070714888833369375_n.jpg?_nc_cat=0&oh=74aa8a0ad1bf2efbd4ef029579b9fd11&oe=5BA0BB9A,https://www.facebook.com/WisconsinTimberRattlers/,"Stadium, arena and sports venue"
10,378634259316285,110589522325537,Gurnee Park District,https://scontent-lga3-1.xx.fbcdn.net/v/t1.0-1/p100x100/14322542_1284576234926854_4032069781095972794_n.jpg?_nc_cat=0&oh=12b1195685cf586b8749c4bcbbcd8f33&oe=5BBCDDCF,https://www.facebook.com/gurneeparkdist/,Government organisation
11,2018481901807262,264627419175,Wisconsin Timber Rattlers,https://scontent-lga3-1.xx.fbcdn.net/v/t1.0-1/p100x100/10407208_10153131924894176_4070714888833369375_n.jpg?_nc_cat=0&oh=74aa8a0ad1bf2efbd4ef029579b9fd11&oe=5BA0BB9A,https://www.facebook.com/WisconsinTimberRattlers/,"Stadium, arena and sports venue"
12,1873451359623322,311808445617281,Almighty Vinyl,https://scontent-lga3-1.xx.fbcdn.net/v/t1.0-1/p100x100/31944216_1247301658734617_3678753005009633280_n.jpg?_nc_cat=0&oh=d324507cfd04c4130939b67fd7648b00&oe=5BBD753D,https://www.facebook.com/AlmightyVinyl/,Performing arts
13,1873451359623322,333784814476,Budweiser Pavilion,https://scontent-lga3-1.xx.fbcdn.net/v/t1.0-1/p100x100/13892326_10154335171039477_4346911983010186785_n.jpg?_nc_cat=0&oh=2319484b7526d8cc4fbb8cc1012cb125&oe=5BC50BA0,https://www.facebook.com/BudweiserPavilion/,Live music venue
14,2023500001199837,264627419175,Wisconsin Timber Rattlers,https://scontent-lga3-1.xx.fbcdn.net/v/t1.0-1/p100x100/10407208_10153131924894176_4070714888833369375_n.jpg?_nc_cat=0&oh=74aa8a0ad1bf2efbd4ef029579b9fd11&oe=5BA0BB9A,https://www.facebook.com/WisconsinTimberRattlers/,"Stadium, arena and sports venue"
15,2023500001199837,231647067500,Fox Communities Credit Union,https://scontent-lga3-1.xx.fbcdn.net/v/t1.0-1/p100x100/33158334_10157601010722501_8383654760246411264_n.png?_nc_cat=0&oh=46a4ef7eb9740ffe1681493d40a4d9ff&oe=5BABC524,https://www.facebook.com/foxcu/,Credit union
16,2023500001199837,127945636937,"Happily Ever After Animal Sanctuary, Inc.",https://scontent-lga3-1.xx.fbcdn.net/v/t1.0-1/p100x100/14355050_10153874863656938_4258699195413800637_n.png?_nc_cat=0&oh=05b6c6f4eb13fe523bae5d788bcc1a77&oe=5BC1A4D3,https://www.facebook.com/HEANOKILL/,Charity
17,392950974501732,220281534996376,The Indian Crossing Casino,https://scontent-lga3-1.xx.fbcdn.net/v/t1.0-1/p100x100/19059382_431114073913120_8529406015732884366_n.png?_nc_cat=0&oh=1bef6a5632520c8813d6f6160283e248&oe=5B763BC0,https://www.facebook.com/TheIndianCrossingCasinoWaupaca/,Performance & event venue
18,771269026403922,264627419175,Wisconsin Timber Rattlers,https://scontent-lga3-1.xx.fbcdn.net/v/t1.0-1/p100x100/10407208_10153131924894176_4070714888833369375_n.jpg?_nc_cat=0&oh=74aa8a0ad1bf2efbd4ef029579b9fd11&oe=5BA0BB9A,https://www.facebook.com/WisconsinTimberRattlers/,"Stadium, arena and sports venue"
19,766189776919642,184307728279100,MOTOR Bar & Restaurant,https://scontent-lga3-1.xx.fbcdn.net/v/t1.0-1/p100x100/18838998_1485322544844272_8309113733327547252_n.jpg?_nc_cat=0&oh=de93ab937de363d9079d5ea8d28c5d78&oe=5BB1D895,https://www.facebook.com/MotorBarandRestaurant/,American Restaurant
20,766189776919642,55242959462,Harley-Davidson Museum,https://scontent-lga3-1.xx.fbcdn.net/v/t1.0-1/p100x100/10686838_10152756145259463_2191738783279286753_n.jpg?_nc_cat=0&oh=ed606deaaed0edbab0037e6d00fe69af&oe=5BC3F04D,https://www.facebook.com/hdmuseum/,History Museum
21,1653208131392426,264627419175,Wisconsin Timber Rattlers,https://scontent-lga3-1.xx.fbcdn.net/v/t1.0-1/p100x100/10407208_10153131924894176_4070714888833369375_n.jpg?_nc_cat=0&oh=74aa8a0ad1bf2efbd4ef029579b9fd11&oe=5BA0BB9A,https://www.facebook.com/WisconsinTimberRattlers/,"Stadium, arena and sports venue"
22,176044776417169,1522574006,,,,
23,176044776417169,963958790297896,Knucklehead StateFair,https://scontent-lga3-1.xx.fbcdn.net/v/t1.0-1/p100x100/10478674_965720786788363_3942293113163492096_n.jpg?_nc_cat=0&oh=79994817b546b111b894840b43f5efef&oe=5BA57C0D,https://www.facebook.com/Knuckleheadstatefair/,Performance & event venue
24,417176738747549,338209006310842,The Jerry Schmitt Band,https://scontent-lga3-1.xx.fbcdn.net/v/t1.0-1/p100x100/16939614_985346514930418_7142121473103176438_n.jpg?_nc_cat=0&oh=748ad0faf7c8272edd384e5d68e41245&oe=5BBA6D3F,https://www.facebook.com/thejerryschmittband/,Musician/Band
25,417176738747549,241275123039397,Shotskis,https://scontent-lga3-1.xx.fbcdn.net/v/t1.0-1/p100x100/19656983_243761559457420_1302230601768526795_n.jpg?_nc_cat=0&oh=ca7bdac107e9436788133104a1bc252f&oe=5B776406,https://www.facebook.com/ShotskisEagleRiver/,Pub
26,201082357349402,184307728279100,MOTOR Bar & Restaurant,https://scontent-lga3-1.xx.fbcdn.net/v/t1.0-1/p100x100/18838998_1485322544844272_8309113733327547252_n.jpg?_nc_cat=0&oh=de93ab937de363d9079d5ea8d28c5d78&oe=5BB1D895,https://www.facebook.com/MotorBarandRestaurant/,American Restaurant
27,201082357349402,55242959462,Harley-Davidson Museum,https://scontent-lga3-1.xx.fbcdn.net/v/t1.0-1/p100x100/10686838_10152756145259463_2191738783279286753_n.jpg?_nc_cat=0&oh=ed606deaaed0edbab0037e6d00fe69af&oe=5BC3F04D,https://www.facebook.com/hdmuseum/,History Museum
28,1827231384243822,241275123039397,Shotskis,https://scontent-lga3-1.xx.fbcdn.net/v/t1.0-1/p100x100/19656983_243761559457420_1302230601768526795_n.jpg?_nc_cat=0&oh=ca7bdac107e9436788133104a1bc252f&oe=5B776406,https://www.facebook.com/ShotskisEagleRiver/,Pub
29,2053435834932830,307753783977,Sheboygan Jaycees Present: Brat Days,https://scontent-lga3-1.xx.fbcdn.net/v/t1.0-1/p100x100/17361630_10154696284263978_1118516125731996712_n.jpg?_nc_cat=0&oh=de99b715b8f62f5791b91c8f7fdf0f4c&oe=5BC0DAD0,https://www.facebook.com/BratDays/,Performance & event venue
30,2176505205916177,963958790297896,Knucklehead StateFair,https://scontent-lga3-1.xx.fbcdn.net/v/t1.0-1/p100x100/10478674_965720786788363_3942293113163492096_n.jpg?_nc_cat=0&oh=79994817b546b111b894840b43f5efef&oe=5BA57C0D,https://www.facebook.com/Knuckleheadstatefair/,Performance & event venue
31,2176505205916177,218990385108782,Gin Mill Dogs,https://scontent-lga3-1.xx.fbcdn.net/v/t1.0-1/p100x100/20622065_497092357298582_8927269699346171426_n.jpg?_nc_cat=0&oh=1935e85af9a60980483a6bb82f376aa8&oe=5BC1CB0C,https://www.facebook.com/Gin-Mill-Dogs-218990385108782/,Musician/Band
32,579288215746547,55242959462,Harley-Davidson Museum,https://scontent-lga3-1.xx.fbcdn.net/v/t1.0-1/p100x100/10686838_10152756145259463_2191738783279286753_n.jpg?_nc_cat=0&oh=ed606deaaed0edbab0037e6d00fe69af&oe=5BC3F04D,https://www.facebook.com/hdmuseum/,History Museum
33,579288215746547,20060875764,Harley-Davidson,https://scontent-lga3-1.xx.fbcdn.net/v/t1.0-1/c10.0.100.100/p100x100/13450781_10153762629865765_6592153105733861246_n.jpg?_nc_cat=0&oh=bcb39bbd76b8f08680d992f78a562378&oe=5BB87ED3,https://www.facebook.com/harley-davidson/,Motorcycle manufacturer
34,2120366258209310,963958790297896,Knucklehead StateFair,https://scontent-lga3-1.xx.fbcdn.net/v/t1.0-1/p100x100/10478674_965720786788363_3942293113163492096_n.jpg?_nc_cat=0&oh=79994817b546b111b894840b43f5efef&oe=5BA57C0D,https://www.facebook.com/Knuckleheadstatefair/,Performance & event venue
35,2120366258209310,759654127385591,Saddlebrook,https://scontent-lga3-1.xx.fbcdn.net/v/t1.0-1/p100x100/11709415_1037364236281244_1785724967336993872_n.jpg?_nc_cat=0&oh=603759b05ebcec2c5d2bca58fd741643&oe=5BABAA05,https://www.facebook.com/saddlebrookmusic/,Performing arts
36,200406570714116,434257583363458,Chris Kroeze Music,https://scontent-lga3-1.xx.fbcdn.net/v/t1.0-1/p100x100/19642381_1271879806267894_1728442446005856928_n.jpg?_nc_cat=0&oh=3a54920f492d7cb74ac0366525b1bf20&oe=5BC112DA,https://www.facebook.com/ChrisKroezeMusic/,Musician/Band
37,200406570714116,220281534996376,The Indian Crossing Casino,https://scontent-lga3-1.xx.fbcdn.net/v/t1.0-1/p100x100/19059382_431114073913120_8529406015732884366_n.png?_nc_cat=0&oh=1bef6a5632520c8813d6f6160283e248&oe=5B763BC0,https://www.facebook.com/TheIndianCrossingCasinoWaupaca/,Performance & event venue
38,200406570714116,352212508355,National Event Promotions,https://scontent-lga3-1.xx.fbcdn.net/v/t1.0-1/c19.0.100.100/p100x100/10347623_10153177454403356_1715440300159650196_n.jpg?_nc_cat=0&oh=084cfd27c41e2f1dc49c687136a7a020&oe=5BC134BD,https://www.facebook.com/National-Event-Promotions-352212508355/,Arts & entertainment
39,391441071341440,245939342103086,Wisconsin Concerts,https://scontent-lga3-1.xx.fbcdn.net/v/t1.0-1/c0.0.100.100/p100x100/35145874_1858188494211488_8317854151874707456_n.jpg?_nc_cat=0&oh=aa3aefd2a860bc20b28d9601d784e19b&oe=5BA15B4D,https://www.facebook.com/WisconsinConcerts/,Concert Tour
40,391441071341440,220281534996376,The Indian Crossing Casino,https://scontent-lga3-1.xx.fbcdn.net/v/t1.0-1/p100x100/19059382_431114073913120_8529406015732884366_n.png?_nc_cat=0&oh=1bef6a5632520c8813d6f6160283e248&oe=5B763BC0,https://www.facebook.com/TheIndianCrossingCasinoWaupaca/,Performance & event venue
41,391441071341440,160317240712785,The Prince Experience,https://scontent-lga3-1.xx.fbcdn.net/v/t1.0-1/p100x100/28661420_1700921656652328_1359372503692083200_n.jpg?_nc_cat=0&oh=df8aa64a48e2fd8c4f2aa4f533795fd6&oe=5BB80775,https://www.facebook.com/princeexp/,Performing arts
42,391441071341440,352212508355,National Event Promotions,https://scontent-lga3-1.xx.fbcdn.net/v/t1.0-1/c19.0.100.100/p100x100/10347623_10153177454403356_1715440300159650196_n.jpg?_nc_cat=0&oh=084cfd27c41e2f1dc49c687136a7a020&oe=5BC134BD,https://www.facebook.com/National-Event-Promotions-352212508355/,Arts & entertainment
43,391441071341440,343679376885,Bananas Entertainment,https://scontent-lga3-1.xx.fbcdn.net/v/t1.0-1/c7.0.100.100/p100x100/293478_10150316561926886_1694187881_n.jpg?_nc_cat=0&oh=46f9bec57e346c46afd6b674cc2cec2c&oe=5BBB8D8A,https://www.facebook.com/Bananas-Entertainment-343679376885/,Performing arts
44,780421628830605,241275123039397,Shotskis,https://scontent-lga3-1.xx.fbcdn.net/v/t1.0-1/p100x100/19656983_243761559457420_1302230601768526795_n.jpg?_nc_cat=0&oh=ca7bdac107e9436788133104a1bc252f&oe=5B776406,https://www.facebook.com/ShotskisEagleRiver/,Pub
45,780421628830605,113784805307811,Southbound,https://scontent-lga3-1.xx.fbcdn.net/v/t1.0-1/p100x100/20479538_1585529281466682_2288289426608945415_n.jpg?_nc_cat=0&oh=08b014b9600c165ef60d98d49285b593&oe=5BA83B18,https://www.facebook.com/southboundofcentralwisconsin/,Performing arts
46,181510032684912,963958790297896,Knucklehead StateFair,https://scontent-lga3-1.xx.fbcdn.net/v/t1.0-1/p100x100/10478674_965720786788363_3942293113163492096_n.jpg?_nc_cat=0&oh=79994817b546b111b894840b43f5efef&oe=5BA57C0D,https://www.facebook.com/Knuckleheadstatefair/,Performance & event venue
47,181510032684912,86365070165,Sneezy,https://scontent-lga3-1.xx.fbcdn.net/v/t1.0-1/p100x100/21751278_10155951109775166_1467916159306878848_n.jpg?_nc_cat=0&oh=2ab808af35c833bbfc56a85a17b36c41&oe=5BB0625D,https://www.facebook.com/sneezymusic/,Musician/Band
48,182507312340693,55242959462,Harley-Davidson Museum,https://scontent-lga3-1.xx.fbcdn.net/v/t1.0-1/p100x100/10686838_10152756145259463_2191738783279286753_n.jpg?_nc_cat=0&oh=ed606deaaed0edbab0037e6d00fe69af&oe=5BC3F04D,https://www.facebook.com/hdmuseum/,History Museum
49,182507312340693,20060875764,Harley-Davidson,https://scontent-lga3-1.xx.fbcdn.net/v/t1.0-1/c10.0.100.100/p100x100/13450781_10153762629865765_6592153105733861246_n.jpg?_nc_cat=0&oh=bcb39bbd76b8f08680d992f78a562378&oe=5BB87ED3,https://www.facebook.com/harley-davidson/,Motorcycle manufacturer
50,2037281626536322,184307728279100,MOTOR Bar & Restaurant,https://scontent-lga3-1.xx.fbcdn.net/v/t1.0-1/p100x100/18838998_1485322544844272_8309113733327547252_n.jpg?_nc_cat=0&oh=de93ab937de363d9079d5ea8d28c5d78&oe=5BB1D895,https://www.facebook.com/MotorBarandRestaurant/,American Restaurant
51,2037281626536322,55242959462,Harley-Davidson Museum,https://scontent-lga3-1.xx.fbcdn.net/v/t1.0-1/p100x100/10686838_10152756145259463_2191738783279286753_n.jpg?_nc_cat=0&oh=ed606deaaed0edbab0037e6d00fe69af&oe=5BC3F04D,https://www.facebook.com/hdmuseum/,History Museum
52,147042932812843,264627419175,Wisconsin Timber Rattlers,https://scontent-lga3-1.xx.fbcdn.net/v/t1.0-1/p100x100/10407208_10153131924894176_4070714888833369375_n.jpg?_nc_cat=0&oh=74aa8a0ad1bf2efbd4ef029579b9fd11&oe=5BA0BB9A,https://www.facebook.com/WisconsinTimberRattlers/,"Stadium, arena and sports venue"
53,171556080189800,177810067314,Monona Terrace Community and Convention Center,https://scontent-lga3-1.xx.fbcdn.net/v/t1.0-1/p100x100/562359_10150605128882315_1321103955_n.jpg?_nc_cat=0&oh=4a9425d20c4dc5b9d28e82883f338ad1&oe=5BAA7F7C,https://www.facebook.com/mtccc/,Convention centre
54,157071548342767,1124745867631692,Unison Credit Union,https://scontent-lga3-1.xx.fbcdn.net/v/t1.0-1/p100x100/18740554_1124746647631614_3033981875516805089_n.png?_nc_cat=0&oh=c0b223d303cc8119c23cf30577e06cd3&oe=5BAEF53E,https://www.facebook.com/UnisonCreditUnion/,Credit union
55,157071548342767,264627419175,Wisconsin Timber Rattlers,https://scontent-lga3-1.xx.fbcdn.net/v/t1.0-1/p100x100/10407208_10153131924894176_4070714888833369375_n.jpg?_nc_cat=0&oh=74aa8a0ad1bf2efbd4ef029579b9fd11&oe=5BA0BB9A,https://www.facebook.com/WisconsinTimberRattlers/,"Stadium, arena and sports venue"
56,229921441097864,110589522325537,Gurnee Park District,https://scontent-lga3-1.xx.fbcdn.net/v/t1.0-1/p100x100/14322542_1284576234926854_4032069781095972794_n.jpg?_nc_cat=0&oh=12b1195685cf586b8749c4bcbbcd8f33&oe=5BBCDDCF,https://www.facebook.com/gurneeparkdist/,Government organisation
57,165369337616928,110589522325537,Gurnee Park District,https://scontent-lga3-1.xx.fbcdn.net/v/t1.0-1/p100x100/14322542_1284576234926854_4032069781095972794_n.jpg?_nc_cat=0&oh=12b1195685cf586b8749c4bcbbcd8f33&oe=5BBCDDCF,https://www.facebook.com/gurneeparkdist/,Government organisation
58,1614163198699348,625749111,,,,
59,1614163198699348,625493065,,,,
60,1614163198699348,508498875918557,Rockerchix Promoters,https://scontent-lga3-1.xx.fbcdn.net/v/t1.0-1/p100x100/13232898_810111709090604_3776653884702806291_n.jpg?_nc_cat=0&oh=4fa958dc68d1919e5257dac0c5bbe167&oe=5BC0DF07,https://www.facebook.com/RockerchixConcertPromoters/,Public figure
61,1614163198699348,464335533917309,Wiz Bang,https://scontent-lga3-1.xx.fbcdn.net/v/t1.0-1/p100x100/28379201_549393158744879_1154043601666745287_n.jpg?_nc_cat=0&oh=e2b3ecd0bf98545fe6d0dd80718af05e&oe=5BB72CEC,https://www.facebook.com/wizbang2016/,Musician/Band
62,1614163198699348,441217676275058,Hot Carl,https://scontent-lga3-1.xx.fbcdn.net/v/t1.0-1/p100x100/22814441_441229676273858_2292802612998248339_n.jpg?_nc_cat=0&oh=8bd2fb63c31a061f7648005aa148db5e&oe=5BAD79D5,https://www.facebook.com/HotCarlBand/,Band
63,1614163198699348,347932555401863,Rockerchix Street Team,https://scontent-lga3-1.xx.fbcdn.net/v/t1.0-1/p100x100/31948371_935481576646955_8434974332328869888_n.jpg?_nc_cat=0&oh=a73d7c868d4dd97dad6e76b84fb16413&oe=5BC00440,https://www.facebook.com/RockerchixPromotersStreetTeam/,Public figure
64,1614163198699348,217144611665957,Head Games,https://scontent-lga3-1.xx.fbcdn.net/v/t1.0-1/p100x100/35346525_1736723843041352_6327685058459074560_n.jpg?_nc_cat=0&oh=38d87f64e7f6aafa4f1941b8e5a1e5f1&oe=5BAA1716,https://www.facebook.com/HeadGamesBandGB/,Musician/Band
65,1614163198699348,146662725362802,Wayland,https://scontent-lga3-1.xx.fbcdn.net/v/t1.0-1/p100x100/32419248_2139403819422006_4728389591348805632_n.jpg?_nc_cat=0&oh=3370db6ee35c128a6f0130d7f0f89b29&oe=5BB13119,https://www.facebook.com/waylandtheband/,Band
66,1614163198699348,120871784605104,Rockerchix Concert Promoters,https://scontent-lga3-1.xx.fbcdn.net/v/t1.0-1/p100x100/13230062_1387465367945733_6372582589171415186_n.jpg?_nc_cat=0&oh=860a80129a817532d2a3f3e7a98c8d0d&oe=5BB9C4C8,https://www.facebook.com/Rockerchix-Concert-Promoters-120871784605104/,Arts & entertainment
67,1614163198699348,113979472002727,American Bombshell,https://scontent-lga3-1.xx.fbcdn.net/v/t1.0-1/p100x100/12065740_1010209085713090_2347022396189835579_n.jpg?_nc_cat=0&oh=c5c148dd5eae0a1d2f462c320723bd63&oe=5BAA83FF,https://www.facebook.com/AmericanBombshell/,Musician/Band
68,2086981071585076,123290471121287,Little Switzerland,https://scontent-lga3-1.xx.fbcdn.net/v/t1.0-1/c25.0.100.100/p100x100/1743503_664661056984223_1662129089862420519_n.jpg?_nc_cat=0&oh=dd47d6acf163f8288d12502571b53a91&oe=5BA2CE72,https://www.facebook.com/LittleSwitzerland/,Ski Resort
69,2086981071585076,55242959462,Harley-Davidson Museum,https://scontent-lga3-1.xx.fbcdn.net/v/t1.0-1/p100x100/10686838_10152756145259463_2191738783279286753_n.jpg?_nc_cat=1&oh=ed606deaaed0edbab0037e6d00fe69af&oe=5BC3F04D,https://www.facebook.com/hdmuseum/,History Museum
70,2086981071585076,20060875764,Harley-Davidson,https://scontent-lga3-1.xx.fbcdn.net/v/t1.0-1/c10.0.100.100/p100x100/13450781_10153762629865765_6592153105733861246_n.jpg?_nc_cat=1&oh=bcb39bbd76b8f08680d992f78a562378&oe=5BB87ED3,https://www.facebook.com/harley-davidson/,Motorcycle manufacturer
71,168025263866143,1483914975270823,Detour,https://scontent-lga3-1.xx.fbcdn.net/v/t1.0-1/p100x100/30414587_1986532818342367_2953883841091076096_n.jpg?_nc_cat=0&oh=80cc3bbdf1e22b9ba97db0899311a9eb&oe=5BB34F01,https://www.facebook.com/detourmilwaukee/,Band
72,1823628897938551,298570836830777,The Community Blood Center,https://scontent-lga3-1.xx.fbcdn.net/v/t1.0-1/c3.0.100.100/p100x100/12219340_1033096476711539_830974125489898237_n.jpg?_nc_cat=0&oh=51837ea5e08daba103e260a8fcd078c3&oe=5BB3DA30,https://www.facebook.com/cbloodcenter/,Blood Bank
73,1823628897938551,264627419175,Wisconsin Timber Rattlers,https://scontent-lga3-1.xx.fbcdn.net/v/t1.0-1/p100x100/10407208_10153131924894176_4070714888833369375_n.jpg?_nc_cat=0&oh=74aa8a0ad1bf2efbd4ef029579b9fd11&oe=5BA0BB9A,https://www.facebook.com/WisconsinTimberRattlers/,"Stadium, arena and sports venue"
74,1823628897938551,89940832244,101 WIXX,https://scontent-lga3-1.xx.fbcdn.net/v/t1.0-1/p100x100/1531693_10151781368277245_31426551_n.jpg?_nc_cat=0&oh=39a6524e905858f12521da3b38bd7113&oe=5BA5FB31,https://www.facebook.com/101wixx/,Broadcasting & media production company
75,2002381936741995,264627419175,Wisconsin Timber Rattlers,https://scontent-lga3-1.xx.fbcdn.net/v/t1.0-1/p100x100/10407208_10153131924894176_4070714888833369375_n.jpg?_nc_cat=0&oh=74aa8a0ad1bf2efbd4ef029579b9fd11&oe=5BA0BB9A,https://www.facebook.com/WisconsinTimberRattlers/,"Stadium, arena and sports venue"
76,643601189371823,417131974973904,Grillin In Grafton,https://scontent-lga3-1.xx.fbcdn.net/v/t1.0-1/p100x100/28685090_1739256809428074_8985364599636533606_n.jpg?_nc_cat=0&oh=9cf7867d3cb2050fe4545855687eacbc&oe=5BA75BD8,https://www.facebook.com/GrillinInGrafton/,Charity
77,643601189371823,149472248459748,Celebrate Grafton,https://scontent-lga3-1.xx.fbcdn.net/v/t1.0-1/p100x100/28685594_1863359357071020_5996454172366486935_n.jpg?_nc_cat=0&oh=dee034284da19f198515cca0b13f8fe5&oe=5BC38D56,https://www.facebook.com/CelebrateGrafton/,Community organisation
78,643601189371823,128303707249054,Grafton Area Chamber of Commerce,https://scontent-lga3-1.xx.fbcdn.net/v/t1.0-1/p100x100/375675_343913429021413_493658653_n.jpg?_nc_cat=0&oh=ba19170cf440f724be807c271a82d6d7&oe=5BB695F4,https://www.facebook.com/GraftonChamberofCommerce/,Government organisation
79,1896453960388179,105965879991326,Yacht Blast For Kids,https://scontent-lga3-1.xx.fbcdn.net/v/t1.0-1/c7.0.100.100/p114x114/18581781_105973076657273_1445017049373611161_n.jpg?_nc_cat=0&oh=d96a36e28f59b6ef9d6f851e16176ca8&oe=5BAE5DBA,https://www.facebook.com/YachtBlast/,Charity
80,1896453960388179,182335895608,Make-A-Wish Wisconsin,https://scontent-lga3-1.xx.fbcdn.net/v/t1.0-1/p100x100/26219709_10155782780755609_5804451722787727747_n.jpg?_nc_cat=0&oh=d18adb9fb5ef8b16c49c2a3e5dea3416&oe=5BA2BA32,https://www.facebook.com/wisconsinwish/,Charity organisation
81,226680574550751,1144128919,,,,
82,226680574550751,1814985335396891,Szymczak Racers - Running against Limb Girdle Muscular Dystrophy,https://scontent-lga3-1.xx.fbcdn.net/v/t1.0-1/c4.0.100.100/p100x100/13438922_1814985495396875_6984284228850784892_n.jpg?_nc_cat=0&oh=fc2879488a3d5da96ad8be2dc3801a64&oe=5BAF543D,https://www.facebook.com/SzymczakRacers/,Charity
83,2035453910044529,307753783977,Sheboygan Jaycees Present: Brat Days,https://scontent-lga3-1.xx.fbcdn.net/v/t1.0-1/p100x100/17361630_10154696284263978_1118516125731996712_n.jpg?_nc_cat=0&oh=de99b715b8f62f5791b91c8f7fdf0f4c&oe=5BC0DAD0,https://www.facebook.com/BratDays/,Performance & event venue
84,151464072363902,1338863725,,,,
85,151464072363902,625493065,,,,
86,151464072363902,1432123330362312,Danzo,https://scontent-lga3-1.xx.fbcdn.net/v/t1.0-1/p100x100/30221959_1995626274012012_2311683173025019996_n.jpg?_nc_cat=0&oh=9b2a1b34413f3c0178f74c022f8688db&oe=5BB828EE,https://www.facebook.com/danzoacoustic/,Musician/Band
87,151464072363902,508498875918557,Rockerchix Promoters,https://scontent-lga3-1.xx.fbcdn.net/v/t1.0-1/p100x100/13232898_810111709090604_3776653884702806291_n.jpg?_nc_cat=0&oh=4fa958dc68d1919e5257dac0c5bbe167&oe=5BC0DF07,https://www.facebook.com/RockerchixConcertPromoters/,Public figure
88,151464072363902,347932555401863,Rockerchix Street Team,https://scontent-lga3-1.xx.fbcdn.net/v/t1.0-1/p100x100/31948371_935481576646955_8434974332328869888_n.jpg?_nc_cat=0&oh=a73d7c868d4dd97dad6e76b84fb16413&oe=5BC00440,https://www.facebook.com/RockerchixPromotersStreetTeam/,Public figure
89,151464072363902,120871784605104,Rockerchix Concert Promoters,https://scontent-lga3-1.xx.fbcdn.net/v/t1.0-1/p100x100/13230062_1387465367945733_6372582589171415186_n.jpg?_nc_cat=0&oh=860a80129a817532d2a3f3e7a98c8d0d&oe=5BB9C4C8,https://www.facebook.com/Rockerchix-Concert-Promoters-120871784605104/,Arts & entertainment
90,358228297999199,241275123039397,Shotskis,https://scontent-lga3-1.xx.fbcdn.net/v/t1.0-1/p100x100/19656983_243761559457420_1302230601768526795_n.jpg?_nc_cat=0&oh=ca7bdac107e9436788133104a1bc252f&oe=5B776406,https://www.facebook.com/ShotskisEagleRiver/,Pub
91,358228297999199,119251084791222,Bad Habitz,https://scontent-lga3-1.xx.fbcdn.net/v/t1.0-1/p100x100/20246417_1415612918488359_6497627059985255288_n.jpg?_nc_cat=0&oh=940fa79c3fc03ab301a30ffcd8fdc5c8&oe=5BA43A0D,https://www.facebook.com/badhabitzband/,Musician/Band
92,424026694709404,220281534996376,The Indian Crossing Casino,https://scontent-lga3-1.xx.fbcdn.net/v/t1.0-1/p100x100/19059382_431114073913120_8529406015732884366_n.png?_nc_cat=0&oh=1bef6a5632520c8813d6f6160283e248&oe=5B763BC0,https://www.facebook.com/TheIndianCrossingCasinoWaupaca/,Performance & event venue
93,424026694709404,148486318536518,Road Trip Band,https://scontent-lga3-1.xx.fbcdn.net/v/t1.0-1/p100x100/28782607_1822582051126928_5915969044379864995_n.jpg?_nc_cat=0&oh=cf51253d348ea99205472b5cf6e80ec5&oe=5BC09939,https://www.facebook.com/roadtriposhkosh/,Performing arts
94,205407890206880,1412961988956997,Bella Cain,https://scontent-lga3-1.xx.fbcdn.net/v/t1.0-1/c25.0.100.100/p100x100/30739488_2010870422499481_3408300537878151168_n.jpg?_nc_cat=0&oh=ced8bd4a5fb6a79086a4228dd5106b96&oe=5BA24C21,https://www.facebook.com/bellacainband/,Performing arts
95,205407890206880,370000603022235,Milwaukee's Addiction,https://scontent-lga3-1.xx.fbcdn.net/v/t1.0-1/p100x100/25299422_1660417917313824_1835626316774663566_n.jpg?_nc_cat=0&oh=cb5f4dc6c2a4daf7f7586c1135369344&oe=5BAA6E50,https://www.facebook.com/MilwaukeesAddiction/,Musician/Band
96,205407890206880,367775393347372,The Clique - WI Band,https://scontent-lga3-1.xx.fbcdn.net/v/t1.0-1/p100x100/34841055_982099998581572_7777765712369549312_n.jpg?_nc_cat=0&oh=b8e4a1785f91ca2cec096e547cb841e2&oe=5BB65471,https://www.facebook.com/thecliquewi/,Musician/Band
97,205407890206880,196767843690392,Sound Therapy,https://scontent-lga3-1.xx.fbcdn.net/v/t1.0-1/p100x100/17156110_1482318168468680_9141099969173781521_n.jpg?_nc_cat=0&oh=1f37c265e6494a8be0842fa8ade42755&oe=5BB59B7C,https://www.facebook.com/Sound.Therapy.Band/,Musician/Band
98,205407890206880,114514885257358,Dirty Boogie,https://scontent-lga3-1.xx.fbcdn.net/v/t1.0-1/p100x100/23231675_1757046297670867_5147559238089438454_n.jpg?_nc_cat=0&oh=66628a2dd22147dc8bf76e50d58100c7&oe=5BBBF0D3,https://www.facebook.com/DirtyBoogieWisconsin/,Performing arts
99,205407890206880,193791432270,Katie Mack and The Moan,https://scontent-lga3-1.xx.fbcdn.net/v/t1.0-1/p100x100/20106797_10154462616962271_5595630633894009505_n.jpg?_nc_cat=0&oh=b499158286dcfb3d876de37ed735573d&oe=5BBF79AC,https://www.facebook.com/KatieMackandTheMoan/,Musician/Band
100,205407890206880,125525256352,Crossfire Country Rock Band,https://scontent-lga3-1.xx.fbcdn.net/v/t1.0-1/p100x100/26167123_10154862505691353_5234107403814635799_n.jpg?_nc_cat=0&oh=a55f4ebf493e68aa8a4b397903b86a16&oe=5BC06249,https://www.facebook.com/CrossfireCountry/,Musician/Band
101,205407890206880,40134897179,The Screamin' Cucumbers,https://scontent-lga3-1.xx.fbcdn.net/v/t1.0-1/p100x100/12924435_10154015664292180_2894526602449550766_n.jpg?_nc_cat=0&oh=daa5b436f1181d167eefc606a8d19103&oe=5BBB89D4,https://www.facebook.com/thescreamincucumbers/,Musician/Band
102,187547931876920,241275123039397,Shotskis,https://scontent-lga3-1.xx.fbcdn.net/v/t1.0-1/p100x100/19656983_243761559457420_1302230601768526795_n.jpg?_nc_cat=0&oh=ca7bdac107e9436788133104a1bc252f&oe=5B776406,https://www.facebook.com/ShotskisEagleRiver/,Pub
103,143786686314960,264627419175,Wisconsin Timber Rattlers,https://scontent-lga3-1.xx.fbcdn.net/v/t1.0-1/p100x100/10407208_10153131924894176_4070714888833369375_n.jpg?_nc_cat=0&oh=74aa8a0ad1bf2efbd4ef029579b9fd11&oe=5BA0BB9A,https://www.facebook.com/WisconsinTimberRattlers/,"Stadium, arena and sports venue"
